"ID","Anno","Data morte","Regione","Provincia","Città","Nome","Cognome","Note di genere","Paese di origine persona uccisa","Età persona uccisa","Causa di morte","Sex worker","Nome presunt* colpevole","Paese di origine presunt* colpevole","Età presunt* colpevole","Relazione con la persona uccisa","Suicidio presunt* colpevole","Se suicidio, coppia consenziente?","Occupazione presunt* colpevole","Precedenti penali presunt* colpevole","Se arma da fuoco, detenuta legalmente","Giustificazione/ movente","Denunce e/o contatti/accesso a CAV o SS","Stupro/ violenze prima","Numero figl* minori orfan*","Figl* minori presenti","Cosa succede dopo?","Altre persone uccise_N","Altre persone_descrizione","Descrizione","Versione"
"1","2022","05/01/2022","Veneto","Rovigo","Rovigo","Guglielmina ""Delfina""","Pasetto","(F)","Italia","71","Soffocamento","","Renzo Cavazza","Italia","76","marito","SI","NO","pensionato - ferroviere","","NA","malattia moglie/disturbi psichici marito","","","0","NO","","","","Il marito, con disturbi psichici (depressione), avrebbe soffocato, con un cuscino, la moglie, malata da anni dopo un ictus, e poi si è tolto la vita impiccandosi all'armadio","31/12/2022"
"2","2022","08/01/2022","Toscana","Livorno","Livorno","Franca","Franchini","(F)","Italia","76","Coltellate","","Enrico Chiellini","Italia","80","marito","NO","NA","pensionato - panettiere","","NA","invalida, ""soffriva troppo""","","","0","NO","L'uomo interrogato dai carabinieri ha ammesso il delitto è accusato di omicidio volontario","","","Dopo aver ammazzato la moglie con 3 coltellate al petto con un coltello dalla lama di 20 cm , l'assassino ha chiamato il figlio che ha allertato i carabinieri oppure il figlio preoccupato perchè i genitori non rispondevano è andato nella loro casa e ha scoperto cos'era accaduto","31/12/2022"
"3","2022","14/01/2022","Lazio","Latina","Latina","Nadia","Bergamini","(F)","Italia","70","Percosse","","Antonino Salvatore Zappalà","Italia","44","genero","NO","NA","","SI","NA","","","","0","NO","","","","La donna è giunta in ospedale con il cranio fracassato, priva di conoscenza per le troppe botte ricevute, poi è morta duarnte un intervento urgente di chirurgia. La donna si trovava in casa da sola con il genero. La figlia ha rinvenuto la madre agonizzante. Il compagno non le ha fornito nessuna spiegazione plausibile e si sarebbe scagliato contro gli investigatori della squara mobile e della volante","31/12/2022"
"4","2022","16/01/2022","Calabria","Catanzaro","Motta Santa Lucia","Sconociuto","Sconosciuto","(F)","Marocco","40","Strangolamento","","E.N.","Marocco","49","marito","NO","NA","operaio in ditta edile","","NA","La mancanza di un lavoro fisso di lui dopo essersi ricongiunto con la moglie e quindi di una precaria condizione economica (che li costringeva anche a condividere un tugurio più che una casa) sarebbero state alla base dei continui litigi fra marito e moglie","","","0","NO","L'uomo è in carcere e dovrà rispondere di omicidio volontario, aggravato dalla ferocia con cui è stato eseguito","","","L’uomo avrebbe avuto un violento litigio con la moglie nella loro abitazione, poi l’aggressione fino a strangolarla con una sciarpa e a causarne la morte per asfissia.","31/12/2022"
"5","2022","18/01/2022","Piemonte","Torino","Strambino","Silvana","Laurent","(F)","Italia","63","Arma da fuoco","","Corrado Aramino","Italia","71","marito","SI","NO","","","SI","malata, ""non ha sofferto, non soffrirà più""","","","0","NO","","0","","La donna e il marito sono stati trovati senza vita in auto, nel cortile di una falegnameria di proprietà dell'uomo Il marito ha ucciso la moglie (gravemente malata) con una pistola semiautomatica calibro 22, regolarmente detenuta. e poi si è suicidato sparandosi con una calibro 9. Sarebbero stati trovati dei biglietti nel cascinale in cui vivevano che spiegherebbero il delitto. Anche in macchina sarre stato trovato un biglietto con scritto ""non soffrirà più""","31/12/2022"
"6","2022","18/01/2022","Lazio","Roma","Roma","Simona","Michelangeli","(F)","Italia","41","Percosse","","Fausto C.","Italia","40","partner","NO","NA","rider","SI","NA","","SI","","0","NO","Al momento si stanno svolgendo le indagini per capire movente e causa della morte, il corpo è stato ritrovato con evidenti segni di percosse appena subite, si presume che la donna possa aver avuto un malore mentre veniva picchiata A carico dell'uomo sono emersi ""gravi indizi per violenze fisiche e psicologiche agite e reiterate per mesi nei confronti della compagna, attraverso vessazioni, percosse e isolamento sociale","","","La donna è stata trovata senza vita nel suo appartamento. Il 08/02/2022 è stato arrestato il compagno già indagato per violenza domestica e percosse 26.01 L'uomo ha chiamato i soccorritori chiedendo aiuto per la compagna in crisi respiratoria Una morte subito sospetta perchè sul corpo della donna erano presenti diversi lividi","31/12/2022"
"7","2022","21/01/2022","Lazio","Latina","Sezze","Maria","Trentina","(F)","Italia","87","Percosse","","Silvio Maurizi","Italia","89","conoscente","NO","NA","pensionato","","NA","","","","0","NO","","","","E' stata uccisa da un altro ospite della casa di cura in cui viveva, che ha colpito anche un'infermiera.","31/12/2022"
"8","2022","26/01/2022","Piemonte","Biella","Cossato","Albertina","Creola","(F)","Italia","69","Arma da fuoco","","Walter Condò","Italia","70","partner","SI","NO","","","NA","forse motivi di salute dell'uomo - malattia incurabile","","","0","NO","","","","Il compagno le ha sparato per poi spararsi con la stessa arma. I corpi sono stati trovati in un macchina, in una zona boschiva, da un contadino","31/12/2022"
"9","2022","27/01/2022","Piemonte","Torino","Torino","Giuliana","Tosco","(S)","Italia","37","Suicidio","","","","","","NO","NA","","","NA","","","","0","NO","","","","La donna si è lanciata dal balcone di casa a causa della fatica lavorativa, la paura di non farcela dopo aver avuto l* bambin*","31/12/2022"
"10","2022","01/02/2022","Campania","Napoli","Grumo Nevano","Rosa","Alfieri","(F)","Italia","24","Strangolamento","","Elpidio D'Ambra","Italia","31","vicino di casa","NO","NA","operaio edile","SI","NA","l'assassino ha raccontato di aver ""sentito delle voci"" nella testa che gli avrebbero ordinato di uccidere la donna","","SI","0","NO","2 feb Una notte fuga, la mattina dopo secondo una testimonianza di un tassista, l'uomo si è fatto accompagnare a comprare vestiti nuovi. Il tassista subito dopo ha chiamato la polizia. L'uomo ha poi avuto un malore e si è recato all'ospedale San Paolo di Napoli dove è stato riconosciuto dagli agenti. Fermato, portato al commissaiato di Bagnoli poi carcere di Poggioreale Chiesta la perizia psichiatrica","","","La donna è stata trovata nella camera da letto del vicino di casa. L'assassino ha raccontato di aver convinto la donna ad entrare in casa con una scusa affinchè lo aiutasse a capire alcune bollette, poi di aver prima tentato di imbavagliare con uno straccio la donna per non far sentire le urla ai vicini di casa e alla sua famiglia, infine l'avrebbe strangolata con una sciarpa. Ha negato di averla stuprata. Dopo aver commesso il femminicidio l'uomo si sarebbe intrattenuto a parlare con i genitori della donna che nel frattempo cercavano di rintracciarla Aggiornato al 3 febbraio","31/12/2022"
"11","2022","05/02/2022","Sardegna","Oristano","Zeddiani","Daniela","Cadeddu","(F)","Italia","51","Martellate","","Giorgio Meneghel","Italia","53","ex marito","NO","NA","agricoltore, proprietario di un'azienda","","NA","ex ha raccontato di dissapori con la donna e di problemi personali, in particolare, problemi di salute e difficoltà nel lavoro","","","0","NO","L'assassino ha chiamato le forze dell'ordine In carcere a Massama con l'accusa di omicidio volontario","","","La donna è stata uccisa nek sonno con almeno due martellate Erano separati ma vivevano in due abitazioni comunicanti, il che ha permesso all'assassino di raggiungere la camera da letto e uccidere la donna","31/12/2022"
"12","2022","14/02/2022","Campania","Napoli","Napoli","Sconociuto","Sconosciuto","(F)","Sri Lanka","46","Percosse","","Sconosciuto","Sri Lanka","","figlio","NO","NA","","","NA","","","","0","NO","","","","","31/12/2022"
"13","2022","28/02/2022","Veneto","Treviso","Casale sul Sile","Flora","Mattucci","(F)","Italia","72","Coltellate","","Franco Gellussich","Italia","73","marito","SI","NO","","","NA","","","","0","NO","","","","La donna è stata uccisa con un colpo all'addome mentre era a letto. L'uomo si è poi impiccato in garage. Sono stati trovati da una delle figlie in casa, dopo almeno due giorni.","31/12/2022"
"14","2022","01/03/2022","Campania","Salerno","Pontecagnano","Anna","Borsa","(F)","Italia","30","Arma da fuoco","","Alfredo Erra","Italia","40","ex partner","NI","NA","","","NO","","","","0","NO","L'assassino è in fuga","0.5","Nuovo compagno ferito","Anna Borsa, 29 anni. La donna è stata raggiunta nel salone di bellezza dove lavorava e uccisa a colpi di pistola, morta sul colpa dopo un proiettile in testa, l'assassino si è poi dato alla fuga. Ha sparato e colpito anche l'attuale compagno della donna, senza ucciderlo","31/12/2022"
"15","2022","08/03/2022","Calabria","Crotone","San Leonardo di Cutro","Vincenza","Ribecco","(F)","Italia","60","Arma da fuoco","","Alfonso Diletto","Italia","69","ex marito","NO","NA","","SI","NO","","","","0","NO","I figli si sono costituiti parte civile, processo iniziato a Novembre 2022","","","L'assassino ha incontrato la donna dopo un anno che lei rifiutava. L'ha uccisa con un solo colpo e poi ha chiamato i soccorsi dicendo che aveva perso la testa. I figli si sono costituiti parte civile https://www.quotidianodelsud.it/calabria/crotone/cronache/giudiziaria/2022/11/04/femminicidio-a-cutro-i-figli-di-vincenza-ribecco-parte-civile-contro-il-padre","31/12/2022"
"16","2022","09/03/2022","Trentino Alto Adige","Bolzano","Lutago","Brigitte","Steger","(F)","Italia","52","Martellate","","Paul Johann Oberkofler","Italia","52","marito","SI","NO","","","NA","","","","0","NO","L'assassino si è tolto la vita dopo che la Corte di Cassazione aveva annullato la sentenza di secondo grado e quindi la riduzione di pena. In secondo grado gli era stato riconosciuto il vizio parziale di mente e si trovava in una struttira psichiatrica nel veronese. Si è ucciso per non tornare in carcere.","","","La donna è stata colpita a martellate in testa nel 2012, è entrata in coma e dopo 10 anni è morta.","31/12/2022"
"17","2022","10/03/2022","Emilia Romagna","Ravenna","Ravenna","Maria","Ballardini","(F)","Italia","82","Coltellate","","Mario Claudio Cognola","Italia","77","marito","NI","NO","pensionato","","NA","la donna era invalida","","","0","NO","","","","L'uomo ha colpito con un'arma bianca, coltello da cucina, la moglie uccidendola, dopodichè ha dato l'allarme chiamando i soccorsi e si è lanciato dalla finestra. Non è morto e ora è indagato per omicidio volontario aggravato. Alcuni vicini di casa hanno riferito che le condizioni di salute della donna erano precarie e invalidanti.","31/12/2022"
"18","2022","10/03/2022","Campania","Napoli","Napoli","Anastasia","Bondarenko","(F)","Ucraina","23","Percosse e bruciata","","Dymtro Trembach","Ucraina","26","partner","NO","NA","","","NA","voleva chiudere la relazione","","","1","SI","","","","L'uomo ha picchiato la donna e poi ha dato fuoco all'appartamento per depistare le indagini","31/12/2022"
"19","2022","12/03/2022","Sicilia","Siracusa","Lentini","Naima","Zahir","(F)","Marocco","45","Coltellate","","Massimo Cannone","Italia","45","marito","NO","NA","tappezziere","","NA","La donna lo controllava troppo","","","0","NO","","","","L'uomo ex tossicodipendente in cura al Sert di Siracusa, quando lei si è seduta sul divano l'ha accoltellata al collo","31/12/2022"
"20","2022","13/03/2022","Liguria","Genova","Genova","Alda","Pivano","(F)","Italia","94","Soffocamento","","Giuseppre Friggerio","Italia","95","marito","SI","NO","","","NO","","","","0","NO","","","","L'uomo si è ucciso con due sacchetti di plastica in testa","31/12/2022"
"21","2022","20/03/2022","Lombardia","Brescia","Borno","Carol","Maltesi","(F)","Italia","25","Martellate, fatta a pezzi","SI","Davide Fontana","Italia","43","ex partner","NO","NA","bancario","","NA","","","","1","NO","","","","I resti sono stati rinvenuti in sacchetti di plastica. La ragazza era scomparsa da genn 2022. Lui ha detto che durante un gioco erotico con un martello ha ferito a morte la ragazza. Ha fatto a pezzi il cadavere e lo ha conservao in un freeser per due mesi e poi ha getato i resti un un campo.","31/12/2022"
"22","2022","21/03/2022","Emilia Romagna","Reggio Emilia","Castelnuovo di Sotto","Tiziana","Gatti","(F)","Italia","62","Coltellate","","Osborne Tukpeh Antwi","Liberia","36","ex genero","NO","NA","","","NA","","","","0","SI","Arrestato","","","Una delle figlie della donna, insieme al figlio minore (5 anni) era presente al momento dell'aggressione. L'assassino si stava separando dalla figlia della vittima","31/12/2022"
"23","2022","22/03/2022","Lombardia","Milano","Cologno Monzese","Maria Begonia","Gancedo Ron","(F)","Italia/Spagna","60","Coltellate","","Daniele Gandolfo","Italia","28","figlio","NO","NA","","","NA","","","","0","NO","","","","","31/12/2022"
"24","2022","29/03/2022","Trentino Alto Adige","Trento","Molina di Fiemme","Viviana","Micheluzzi","(F)","Italia","50","Arma da Fuoco","","Mauro Moser","Italia","50","marito","SI","NO","apicoltore","","SI","si stava separando dal marito","","","0","NO","L'uomo si è ucciso","","","Si sono incontrati nel maso dell azienda agricola. Si suppone che lei abbia cercato di fuggire e lui ha sparato uccidendosi poi subito dopo, con un'arma comprata il giorno stesso. Ritrovati da uno dei tre figli, il minore di 20 anni","31/12/2022"
"25","2022","30/03/2022","Sardegna","Sassari","Porto Torres","Liliana Caterina","Mancusa","(F)","Italia","66","Colpi d'ascia","","Fulvio Baule","Italia","40","ex genero","NO","NA","","","NA","","","","2","SI","","1","suocero","L'uomo alla fine di un litigio con la ex moglie ha iniziato a brandire colpi verso di lei e verso i due ex suoceri. Il suocero è morto sul colpo, Liliana è morta in ospedale dopo un mese, l'aggressione è avvenuta il 26 Febbraio. L'assassino aveva già in passato avuto comportamenti violenti con la ex compagna. La coppia ha avuto 2 gemelli (1 anno di età).","31/12/2022"
"26","2022","30/03/2022","Lombardia","Milano","","Maudit","El Bettani","(S - trans*)","Italia","22","Suicidio","","","","","","NA","NA","","","NA","","","","0","NO","","","","","31/12/2022"
"27","2022","01/04/2022","Lazio","Frosinone","Civitavecchia","Inirida","Roa Sierra","(F)","Venezuela","45","Soffocamento","","Gaetano Notargiacomo","Italia","73","marito","NO","NA","pensionato","SI","NA","","SI","","2","NO","L'uomo è stato arrestato","0","","L'assassino ha chiamato i soccorritori . La coppia aveva de figli che erano stati tolti e lei era stata trasferita in una struttura protetta. Negli ultimi tempi erano tornati a convivere","31/12/2022"
"28","2022","06/04/2022","Veneto","Rovigo","Occhiobello","Sconociuto","Sconosciuto","(F)","Sconosciuto","25","Decapitata","","Sconosciuto","Sconosciuto","","Sconosciuto","NO","NA","","","NA","","","","0","NO","","","","Corpo decapitato ritrovato nel Po, ancora sconosciute le generalità. Sarebbe morta recentemente.","31/12/2022"
"29","2022","14/04/2022","Lazio","Roma","Roma","Sconociuto","Sconosciuto","(F)","Romania","33","Percosse","","Sconosciuto","Romania","38","marito","NO","NA","","","NA","","","","1","NO","","","","La donna è probabilmente morta dopo l'ultimo ricovero per maltrattamenti nel 2021 (gennaio?) ma le indagini hanno portato adesso alla verità","31/12/2022"
"30","2022","19/04/2022","Lombardia","Bergamo","Fara Gera d’Adda","Romina","Vento","(F)","Italia","44","Affogamento","","Carlo Fumagalli","Italia","49","marito","NI","NA","","","NA","lei voleva lasciarlo","","","2","NO","","","","L'assassino ha inscenato un incidente, gettando l'auto dove viaggiano nel fiume e tenendo la donna sott'acqua. Lei non sapeva nuovare.","31/12/2022"
"31","2022","21/04/2022","Lombardia","Monza e Brianza","Aicurzio","Fabiola","Colnaghi","(F)","Italia","58","Percosse","","Andrea Garzia","Italia","24","figlio","NO","NA","disoccupato","","NA","","","","0","NO","","","","Fabiola, casalinga e vedova, è stata uccisa dal figlio, Davide Andrea Garzia, 24 anni, disoccupato, che viveva con lei e il nuovo compagno della donna. L'ha sbattuta contro un armadio e poi l'ha picchiata con calci e pugni sul viso, le ha tagliato i capelli e le ha rovesciato sul viso della candeggina.","31/12/2022"
"32","2022","21/04/2022","Lazio","Roma","Roma","Jessica","Barajas","(trans*)","Colombia","51","Sconosciuto","","Sconosciuto","Sconosciuto","","Sconosciuto","NO","NA","","","NA","","","","0","NO","","","","","31/12/2022"
"33","2022","22/04/2022","Emilia Romagna","Rimini","Rimini","Angela","Avitabile","(F)","Italia","62","Coltellate","","Raffaele Fogliamanzillo","Italia","62","marito","NO","NA","","","NA","","","","0","NO","","","","","31/12/2022"
"34","2022","26/04/2022","Emilia Romagna","Ravenna","Cotignola","Viviana","Farolfi","(F)","Italia","71","Arma da Fuoco","","Alvaro Strocchi","Italia","77","marito","SI","NO","pensionato","","SI","malattia della moglie","","","0","NO","","","","Viviana è stata uccisa a colpi di pistola dal marito, Alvaro Strocchi, 77 anni, che si è poi suicidato con la stessa arma.","31/12/2022"
"35","2022","26/04/2022","Piemonte","Novara","Dormelletto","Sonia","Solinas","(F)","Italia","49","Coltellate","","Filippo Ferrari","Italia","37","partner","SI","NO","impiegato","","NA","","","","0","NO","L'uomo si è lanciato con la macchina da un ponte, suicidandosi","","","","31/12/2022"
"36","2022","29/04/2022","Lazio","Roma","Roma","Eiko","Sakamoto","(F)","Giappone","90","Coltellate","","Tetsuo Sakamoto","Giappone","92","marito","SI","NO","","","NA","","","","0","NO","","","","","31/12/2022"
"37","2022","01/05/2022","Liguria","Genova","Genova","Alice","Scagni","(F)","Italia","34","Coltellate","","Alberto Scagni","Italia","42","fratello","NO","NA","disoccupato","","NA","richieste di soldi","SI","","1","NO","","","","","31/12/2022"
"38","2022","02/05/2022","Lazio","Frosinone","Frosinone","Romina","De Cesare","(F)","Italia","35","Strangolamento, Coltellate","","Piero Ialongo","Italia","38","ex partner","NO","NA","perito informatico","","NA","gelosia, non accettava la separazione","","","0","NO","","","","","31/12/2022"
"39","2022","04/05/2022","Lombardia","Varese","Samarate","Stefania","Pivetta","(F)","Italia","56","Martellate","","Alessandro Maja","Italia","57","marito","NO","NA","architetto","","NA","","","","1","SI","","","","Ha colpito anche il figlio di 23. Ha ucciso moglie e figlia","31/12/2022"
"40","2022","04/05/2022","Lombardia","Varese","Samarate","Giulia","Pivetta","(F)","Italia","16","Martellate","","Alessandro Maja","Italia","57","padre","NO","NA","architetto","","NA","","","","0","NO","","","","","31/12/2022"
"41","2022","06/05/2022","Friuli Venezia Giulia","Udine","Udine","Lauretta","Toffoli","(F)","Italia","74","Coltellate","","Vincenzo Paglialunga","Italia","41","vicino di casa","NO","NA","","","NA","","","","0","NO","","","","Era appena stato messo ai domiciliari con braccialetto elettronico. La donna è stata trovata dal figlio che andava da lei a pranzo.","31/12/2022"
"42","2022","11/05/2022","Lombardia","Milano","Milano","Miranda","Pomini","(F)","Italia","91","Soffocamento","","Marco De Marchi","Italia","56","figlio","SI","NO","","","NA","","","","0","NO","","","","","31/12/2022"
"43","2022","17/05/2022","Umbria","Perugia","Perugia","Dayana","","(trans*)","Peru","30","Caduta dal balcone","SI","Sconosciuto","Sconosciuto","","Sconosciuto","NO","NA","","","NA","","","","0","NO","","","","E' morta dopo sei giorni in Rianimazione la 30enne che era caduta dal balcone di un palazzo . La 30enne era stata trovata alle 6.30 di mattina completamente nuda sulle scale davanti alle Poste.","31/12/2022"
"44","2022","19/05/2022","Emilia Romagna","Rimini","Rimini","Noelia","Rodriguez","(F)","Peru","46","Coltellate","","Maximo Aldana De La Cruz","Peru","54","ex partner","NO","NA","","","NA","non accettava la separazione","","","3","NO","","","","Noelia Rodriguez è stata accoltellata dall'ex compagno, che si è recato in Italia dal Peru per convincerla a tornare insieme. Quando la donna ha rifiutato, lui l'ha aggredita. La figlia di lui, che viveva con Noelia, era presente e ha cercato di fermare il padre rimanendo ferita.","31/12/2022"
"45","2022","25/05/2022","Sicilia","Ragusa","Vittoria","Brunilda","Halla","(F)","Albania","37","Coltellate","","Sconosciuto","Italia","28","Sconosciuto","NO","NA","","","NA","","","","2","NO","","","","In nessun giornale viene menzionato il nome dell'assassino, reo confesso, che dice di aver ucciso la prima persona che ha trovato in strada.","31/12/2022"
"46","2022","25/05/2022","Lombardia","Sondrio","Ardenno","Sabrina","Dell'Agostino","(S)","Italia","48","Suicidio","","","","","","NO","NA","","","NA","","","","2","NO","","","","La donna si è suicidata, vittima di violenza dal convivente aveva denunciato e non era stato attivato il codice rosso. Aveva già provato a togliersi la vita ad ottobre del 2020.","31/12/2022"
"47","2022","05/06/2022","Liguria","La Spezia","Marinella di Sarzana","Nevila","Pjetri","(F)","Albania","35","Arma da fuoco e percosse","SI","Daniele Bedini","Italia","32","cliente","NO","NA","","SI","NO","","","","0","NO","","","","Alcuni passanti hanno visto il cadavere sul greto del torrente. Il marito non è indagato perchè era a casa. la donna sembra fosse una sex worker. L'uomo era condannato in via definitiva per rapina aggravata, avrebbe dovuto cominciare a scontare una pena detentiva di tre anni a febbraio.","31/12/2022"
"48","2022","07/06/2022","Liguria","La Spezia","Sarzana","Camilla","Bertolotti","(trans*)","Italia","43","Arma da fuoco e percosse","SI","Daniele Bedini","Italia","32","cliente","NO","NA","","SI","NO","","","","0","NO","","","","E' statu ritroaatu dopo la denuncia di scompars degli amici. Si pens a un collegamento con lomicidio di Nevila","31/12/2022"
"49","2022","08/06/2022","Veneto","Vicenza","Vicenza","Lidia","Miljkovic","(F)","Serbia","42","Arma da fuoco","","Zalatan Vasiljevic","Bosnia Erzegovina","42","ex partner","SI","NO","disoccupato","SI","NO","","SI","","2","NO","","","","Colpita per strada da numerosi colpi di pistola dall'assassino che l'ha raggiunta nella zona di lavoro Assassino che aveva già ammazzato la compagna attuale. L'uomo aveva già due procedimenti penali a carico, uno in corso e uno con una condanna detentiva definitiva per maltrattamenti e violenza domestiche, sospesa in appello, avrebbe dovuto esserre allontanato dal suo nucleo familiare originario","31/12/2022"
"50","2022","08/06/2022","Veneto","Vicenza","Vicenza","Gabriela","Serrano","(F)","Venezuela","36","Arma da fuoco","","Zalatan Vasiljevic","Bosnia Erzegovina","42","partner","SI","NO","disoccupato","SI","NO","","SI","","0","NO","","","","Femminicidio premeditato Con il cadavere della donna in auto ha raggiunto l'ex compagna per uccidere anche lei. L'uomo aveva già due procedimenti penali a carico, uno in corso e uno con una condanna detentiva definitiva per maltrattamenti e violenza domestiche, sospesa in appello, avrebbe dovuto esserre allontanato dal suo nucleo familiare originario Lui era già stato arrestato per maltrattamenti nel 2019 e aveva un divieto di avvicinamento Aveva ottenuto i benefici di pena da scontare a seguito di un corso riabilitativo per uomini violenti a Bassano (Vicenza)","31/12/2022"
"51","2022","09/06/2022","Sicilia","Catania","Catania","Sasha","","(S - trans*)","Italia","15","Suicidio","","","","","","NA","NA","","","NA","","","","0","NO","","","","","31/12/2022"
"52","2022","10/06/2022","Veneto","Venezia","Fossalta di Portogruaro","Lorena","Puppo","(F)","Italia","50","Soffocamento","","Giuseppe Santarosa","Italia","55","partner","SI","NO","guardia giurata non armata","","NA","gelosia?","","","0","NO","","","","L'uomo ha pima soffocato la comapgna e poi si è tolto la vita tagliandosi la gola con un coltellino, nel mentre ha avvistao la nipote, dicendo di aver fatto uno sbaglio","31/12/2022"
"53","2022","11/06/2022","Veneto","Belluno","Auronzo di Cadore","Cloe","Bianco","(S - trans*)","Italia","58","Suicidio","","","","","","NA","NA","","","NA","","","","0","NO","","","","Cloe si è uccisa bruciandosi insieme al suo camper, lasciando scritto sul suo blog: “Oggi la mia libera morte, così termina tutto ciò che mi riguarda”","31/12/2022"
"54","2022","13/06/2022","Emilia Romagna","Modena","Castelfranco Emilia","Gabriela","Trandafir","(F)","Romania","47","Arma da fuoco","","Salvatore Montefusco","Italia","69","marito","NO","NA","","SI","NO","","SI","","1","NO","","","","Lei lo aveva denunciato per maltrattamenti, stalking, furto e appropriazione indebita La Procura di Modena aveva chiesto l'archiviazione Lei si era opposto all'archiviazione, il giorno dopo l'uccisione ci sarebbe stata l'udienza davanti al Gip e sempre il giorno do sarebbe dovuta iniziare la causa per separazione Lei aveva ottenuto il codice rosso ma non è mai riuscita ad avere un ordine del tribunale che impedisse al marito di avvicinarsi","31/12/2022"
"55","2022","13/06/2022","Emilia Romagna","Modena","Castelfranco Emilia","Renata Alexandra","Trandafir","(F)","Italia","22","Arma da Fuoco","","Salvatore Montefusco","Italia","69","patrigno","NO","NA","","SI","NO","","","","0","NO","","","","","31/12/2022"
"56","2022","13/06/2022","Friuli Venezia Giulia","Udine","Codroipo","Elisabetta","Molaro","(F)","Italia","40","Coltellate","","Paolo Castellani","Italia","44","marito","NO","NA","operaio","","NA","lei voleva separarsi","","","2","SI","Ha confessato","","","Elisabetta è stata uccisa mentre dormiva dal marito, che non accettava la richiesta di separazione. Le due figlie erano in casa.","31/12/2022"
"57","2022","15/06/2022","Campania","Napoli","Napoli","Filomena","Galeone","(F)","Italia","61","Coltellate","","Sconosciuto (minore)","Lituania","17","figlio","NO","NA","","","NA","","","","1","SI","","","","Uccisa al culmine di una lite Subito dopo, secondo una prima ricostruzione investigativa, cerca quasi di precostituirsi un alibi Si affaccia così al balcone di casa e urla qualcosa del tipo: “Aiutatemi, aiutemi! Mia madre vuole uccidersi! Mia madre vuole uccidersi! Aiutatemi!” Il ragazzino però è chiuso dentro casa e dice di non avere le chiavi. Per aprire la porta occorre quindi l’intervento dei vigili del fuoco, chiamati anche loro sul posto.","31/12/2022"
"58","2022","18/06/2022","Puglia","Lecce","Novoli","Donatella","Miccoli","(F)","Italia","38","Coltellate","","Matteo Verdasca","Italia","38","partner","SI","NO","dipendente azienda trasporti","","NA","gelosia?","","","3","SI","","","","","31/12/2022"
"59","2022","19/06/2022","Lazio","Roma","Roma","Caterina","D'Andrea","(F)","Italia","72","Arma da fuoco","","Pietro Bergantini","Italia","76","marito","NO","NA","assicuratore","","SI","","","","0","NO","","","","","31/12/2022"
"60","2022","25/06/2022","Piemonte","Alessandria","Sale","Norma","Megardi","(F)","Italia","74","Investita e bruciata","","Luca Orlandi","Italia","24","conoscente","NO","NA","agricoltore","","NA","motivi economici","","","0","NO","","","","","31/12/2022"
"61","2022","25/06/2022","Emilia Romagna","Rimini","Bellariva di Rimini","Cristina","Peroni","(F)","Italia","33","Percosse","","Benedetto Simone Vultaggio","Italia","47","ex partner","NO","NA","operaio in un mobilificio","","NA","gelosia, litigavano su come gestire il bambino di pochi mesi","","","1","SI","","","","Uccisa a colpi di mattarello in testa.","31/12/2022"
"62","2022","30/06/2022","Calabria","Cosenza","Mandatoriccio","Domenica","Caligiuri","(F)","Italia","71","Coltellate","","Luigi Carlino","Italia","73","marito","NO","NA","falegname in pensione","","NA","","","","0","NO","","","","Uccisa con due coltellate all'addome. Liu è rimasto con il corpo della moglie sul letto per due giorni, prima di confessare.","31/12/2022"
"63","2022","03/07/2022","Liguria","Savona","Savona","Nadia","Zanatta","(F)","Italia","57","Coltellate","","Antonino Santangelo","Italia","64","marito","SI","NO","agente di commercio in pensione","","NA","","","","0","NO","","","","","31/12/2022"
"64","2022","09/07/2022","Toscana","Firenze","Campi Bisenzio","Bruna","Tavanti","(F)","Italia","84","Coltellate","","Bruno Del Lama","Italia","87","marito","NI","NO","pensionato","","NA","lei era molto malata e lui non ce la faceva più","","","0","NO","","","","la badante li ha trovati.Lei morta e lui ferito","31/12/2022"
"65","2022","11/07/2022","Sicilia","Catania","Macchie di Giarre","Debora","Pagano","(F)","Italia","32","Attesa autopsia","","Leonardo Fresta","Italia","40","marito","NO","NA","","SI","NA","","","","0","NO","","","","Lui ha chiamato i carabinieri dopo due giorni dalla morte della donna. Sembra che lui sia rimasto con lei","31/12/2022"
"66","2022","17/07/2022","Piemonte","Torino","Nole Canavese","Irma","Fontanella","(F)","Italia","72","Arma da fuoco","","Salvatore Alessio","Italia","44","figlio","SI","NO","assistente polizia","","Si","","","","0","NO","","","","Il fatto è accaduto il 25/5. Il figlio le ha sparato in pieno volto e poi si è sparato a sua volta. Lei gravemente ferita è morta il 17/7 dopo due mesi di interventi e rianimazione","31/12/2022"
"67","2022","25/07/2022","Lombardia","Como","Codorago","Valentina","Di Mauro","(F)","Italia","33","Coltellate","","Marco Campanaro","Italia","37","partner","NO","NA","magazziniere in Svizzera","","NA","gelosia","","","0","NO","","","","I vicini li sentono litigare e suonano ma non aprono. Chiamano la polizia e trovano lei morta e ferita con coltello da cucina","31/12/2022"
"68","2022","26/07/2022","Sicilia","Catania","Catania","Valentina","Giunta","(F)","Italia","32","Coltellate","","Sconosciuto (minore)","Italia","15","figlio","NO","NA","","","NA","Lei voleva andare via da Catania per allontarsi dal padre dei figli che è in carcere","","","2","SI","","","","E' stata accoltellata dal figlio. E' stata lei stessa a telefonare alla sorella","31/12/2022"
"69","2022","27/07/2022","Liguria","Genova","Genova","Marzia","Bettino","(F)","Italia","58","Strangolamento","","Sebastiano Cannella","Italia","58","marito","NO","NA","muratore","","NA","lei voleva andarsene","","","2","NO","","","","Lui l'ha strangolata con una corda e poi ha chiamato i carabinieri","31/12/2022"
"70","2022","07/08/2022","Piemonte","Torino","Venaria Reale","Silvana","Arena","(F)","Italia","74","Percosse","","Giovenale Aragno","Italia","74","marito","NO","NA","pensionato","","NA","","","","0","NO","","","","Picchiata con bastone dopo alterco pare sulla situazione della figlia di 47 anni ricoverata","31/12/2022"
"71","2022","17/08/2022","Piemonte","Biella","Strona","Elsa","Antonini","(F)","Italia","80","Percosse","","Antonio Belli","Italia","58","figlio","SI","NO","","","NA","","","","0","NO","","","","Lui si è gettato da un ponte dopo aver ucciso la madre con un bilanciere. La donna era inferma, non usciva di casa.","31/12/2022"
"72","2022","18/08/2022","Lombardia","Mantova","Medole","Nina","Gryshak","(F)","Ucraina","40","Percosse","","Marcello Passera","Italia","30","partner","NO","NA","operaio metalmeccanico","","NA","","","","2","NO","","","","uccisa dopo una lite durante la vacanza in Istria","31/12/2022"
"73","2022","23/08/2022","Emilia Romagna","Bologna","Bologna","Alessandra","Matteuzzi","(F)","Italia","56","Martellate","","Giovanni Padovani","Italia","27","ex partner","NO","NA","modello e calciatore","","NA","","SI","","0","NO","","","","uccisa a botte e martellate","31/12/2022"
"74","2022","01/09/2022","Puglia","Brindisi","Villa Castelli","Giuseppina","Fumarola","(F)","Italia","47","Arma da fuoco","","Vito Sussa","Italia","52","ex partner","SI","NO","muratore","","SI","","","","0","NO","Lui si è ucciso nel box della sua abitazione","","","lui le ha sparato fuori dal lavoro e poi si è impiccato. possedeva 3 fucili da caccia e 2 pistole","31/12/2022"
"75","2022","21/09/2022","Toscana","Firenze","Signa","Carla","Cintelli","(F)","Italia","46","Strangolamento","","Marco Cintelli","Italia","50","fratello","NO","NA","operaio elettricista","","NA","motivo economico","","","0","NO","Arrestato, forse misure alternative in seguito a perizia psichiatrica","","","Carla Cintelli è stata uccisa dal fratello in casa dei loro genitori. Ll’uomo si sarebbe nascosto fino a quando la moglie ne ha denunciato la scomparsa. Dopo la denuncia della moglie di lui, l'omicida è stato trovato nascosto in un capanno. La casa dove si trovava il corpo della donna era chiusa era chiusa e le forze dell'ordine hanno fatto irruzione","31/12/2022"
"76","2022","22/09/2022","Veneto","Venezia","Spinea","Lilia","Patranjel","(F)","Moldavia","41","Coltellate","","Alexanandru Ianosi Andreeva Dimitrova","Romania","36","marito","NO","NA","","","NA","gelosia","SI","","3","SI","arrestato","","","Lilia Patranel è stata uccisa dal compagno, con il figlio della coppia (4 anni) presente in casa. La donna lo aveva già denunciato e le figlie più grandi della donna avevano lasciato la casa per allontanarsi dai frequenti litigi e dalle violenze di lui. L'uomo è stato arrestato. A metà ottobre è stato trovato in carcere con un manico di scopa infilato nell'occhio, ancora da accertare se si è ""auto punito"" come ha dichiarato o se è stato punito da altri detenuti.","31/12/2022"
"77","2022","24/09/2022","Lombardia","Varese","Marnate","Maria","Facchinetti","(F)","Italia","89","Soffocamento","","Angelo Paganini","Italia","64","figlio","NI","NO","disoccupato","","NA","madre malata e allettata","","","0","NO","arrestato","","","Un parente è andato a far visita e ha dato l'allarme","31/12/2022"
"78","2022","02/10/2022","Calabria","Cosenza","Scalea","Ilaria","Sollazzo","(F)","Italia","31","Arma da fuoco","","Antonio Russo","Italia","25","ex partner","SI","NO","guardia giurata","","SI","non accettava la separazione","","","1","NO","Si è sparato ed è morto","","","L ha aspettata sotto casa dei genitori dei lei cercando di farla scendere dall'auto.Lei ha blocato le porte dell'auto e lui ha sparato dal finestrino uccidendola","31/12/2022"
"79","2022","06/10/2022","Lazio","Roma","Ardea","Naomi","Cabral","(trans*)","Argentina","47","Strangolamento, Percosse","SI","Sconosciuto","Sconosciuto","","cliente","NA","NA","","","NA","","","","0","NO","","","","Trovata morta all'interno del Samoa Village, a Marina di Tor San Lorenzo (Ardea). Si indaga per omicidio.","31/12/2022"
"80","2022","10/11/2022","Marche","Ancona","Osimo","Ilaria","Maiorano","(F)","Italia","41","Percosse e buttata giù dalle scale","","Tariq El Gheddassi","Marocco","41","marito","NO","NA","","SI","NA","Lui era stato accusato di violenza sessuale","","","2","SI","","","","Sembra che il corpo sia stato trovato in camera da letto dalla sorella.Era tutto tumefatto dalle percosse. L'assassino sostiene che sia caduta dalle scale","31/12/2022"
"81","2022","10/12/2022","Piemonte","Torino","Chivasso","Giuseppina","Arena","(F)","Italia","52","Arma da fuoco","","Sconosciuto","Sconosciuto","","Sconosciuto","NO","NA","","","SI","","","","0","NO","","","","3 colpi di pistola per eredità? INDAGINI IN CORSO","31/12/2022"
"82","2022","14/10/2022","Toscana","Arezzo","Subiano","Assunta","Andreini","(F)","Italia","85","Soffocamento","","Manuele Andreini","Italia","48","figlio","NO","NA","","","NA","","","","0","NO","","","","","31/12/2022"
"83","2022","19/10/2022","Abruzzo","Chieti","Bucchianico","Paola","De Vicentiis","(F)","Italia","69","Coltellate","","Cristiano De Vincentis","Italia","50","figlio","NO","NA","pensione invalidità","","NA","Denaro","","","0","NO","l'assassino ha chiamato i carabinieri ed è stato arrestato","","","Ha ucciso la madre con più di 30 coltellate e poi ha avvisato i carabinieri che lo hanno arrestato. L'assassino aveva pensione invalidità e conduceva una vita sopra le sue possiilità. Testimoni dicono che chiedeva in continuazione soldi alla madre.","31/12/2022"
"84","2022","21/10/2022","Marche","Senigallia","Filetto di Senigallia","Valeria","Baldini","(F)","Italia","77","Soffocamento","","Marino Giuliani","Italia","80","marito","NO","NA","","","NA","","","","0","NO","","","","malata di Alzheimer soffocata dice l'assassino per non sentire i suoi lamenti","31/12/2022"
"85","2022","22/10/2022","Puglia","Taranto","Taranto","Silvia","Di Noi","(F)","Italia","52","Soffocamento","","Roberto Delli Santi","Italia","50","marito","NO","NA","sottufficiale della Marina Militare","","NA","","","","0","NO","Si è impiccato","","","Malata da tempo","31/12/2022"
"86","2022","23/10/2022","Trentino Alto Adige","Bolzano","Bolzano","Alexandra Elena","Mocanu","(F)","Romania","35","Martellate","","Avni Mecje","Albania","49","partner","NO","NA","lavoratore edile","","NA","","","","1","NO","","","","Nel 2019 e nel 2020, quando la coppia viveva a Verona, lei aveva denunciato il compagno per maltrattamenti. Per questo motivo fu disposto nei confronti di Mecja l'obbligo di dimora presso l'abitazione dei propri genitori. In seguito ci fu il ricongiungimento con la moglie, nella casa di Bolzano. Rimane un figlio piccolo orfano in Romania con la nonna","31/12/2022"
"87","2022","24/10/2022","Veneto","Treviso","Parè di Conegliano","Maria Luisa detta Gina","Bazzo","(F)","Italia","87","Coltellate","","Ippolito Zandegiacomo","Italia","57","figlio","NO","NA","","","NA","","","","0","NO","","","","All'interno dell'abitazione, oltre al cadavere di Gina, che presentava profonde ferite di arma da taglio all'altezza del volto e della gola, sono stati trovati un gatto, squartato con numerosi fendenti, e la presunta arma del delitto, un coltello da cucina con lama di 20 centimetri.","31/12/2022"
"88","2022","24/10/2022","Toscana","Pisa","Pisa","Elisa","","(S - trans*)","Italia","40","Suicidio","","","","","","NA","NA","","","NA","Grave difficoltà economica","","","0","NO","","","","Elisa, 24 ottobre 2022 è stata suicidata, Pisa, sit rovava in una situazione di grave difficoltà economica, 40 anni, il processo di affermazione di genere continuava a prosticiparsi per l'improvvisa chiusura del centro a Pisa, nessun sostegno dalla famiglia che ancora non vuole rilasciare nesssun commento","31/12/2022"
"89","2022","25/10/2022","Lombardia","Lecco","Osnago","Rossana","Iantorno","(F)","Italia","40","Mix di farmaci, Coltellate","","Francesco Iantorno","Italia","80","padre","SI","NO","messo comunale","","NA","","","","0","NO","Si è tagliato le vene","","","padre uccide figlia con disabilità titolo abberrante Francesco Iantorno ha ucciso la figlia per compassione. DIBATTITO IN CAT SE è FEMMIICIDIO","31/12/2022"
"90","2022","26/10/2022","Campania","Caserta","Riardo","Francesca","Compagnone","(F)","Italia","28","Arma da fuoco","","Cipran Vicol","Moldavia","23","amico","NO","NA","","","NA","","","","0","NO","E' stato scarcerato a inizio novembre, accusato di omicidio colposo","","","","31/12/2022"
"91","2022","27/10/2022","Campania","Napoli","Piscinola","Chiara","","(S - trans*)","Italia","19","Suicidio","","","","","","NA","NA","","","NA","","","","0","NO","","","","A settembre richiesto supporto psicologico Asl ma primo appuntamento a dicembre.Troppo tardi. Vicenda resa nota dal Gay center di Roma dove Chiara si era rivolta due anni prima","31/12/2022"
"92","2022","31/10/2022","Campania","Napoli","Marigliano","Angela","Guercia","(F)","Italia","76","Percosse","","Nello La Gala","Italia","48","figlio","NO","NA","professore di filosofia","","NA","","","","0","NO","","","","A preso a botte, ubriaco, madre e zia. La donna è morta dopo due settimane in ospedale per emorragia celebrale.","31/12/2022"
"93","2022","06/11/2022","Sardegna","Cagliari","Capoterra","Slobodanka","Metusev","(F)","Serbia","48","Coltellate","","Stevan Sajn","Serbia","50","partner","NO","NA","","","NA","","","","0","NO","","","","Ha ucciso la compagna, con la quale viveva in un centro di accoglienza, a coltellate.","31/12/2022"
"94","2022","07/11/2022","Campania","Salerno","Capaccio","Ermenegilda","Candreva","(F)","Italia","76","Coltellate","","Minore","Italia","17","nipote F","NO","NA","","","NA","","","","0","NO","","","","La donna è stata uccisa a coltellate dalla nipote minorenne nel corso di una lite. Cause e modalità ancora da accertare.","31/12/2022"
"95","2022","13/11/2022","Marche","Pesaro-Urbino","Fano","Anastasiia","Alashiri","(F)","Ucraina","23","Coltellate","","Sconosciuto","Ucraina","42","marito","NO","NA","","","NA","Lui non accettava la separazione","SI","","1","NO","","","","Anastasia Alashiri, arrivata col marito e il figlio di 2 anni dall'Ucraina, aveva lasciato il marito e si era trasferita da un amico/collega. E' stata uccisa dall'ex marito a coltellate. Aveva denunciato l'ex marito ai carabinieri 3 gg prima","31/12/2022"
"96","2022","13/11/2022","Lombardia","Milano","Milano","Dolores Fernanda","Milani","(F)","Italia","84","Arma da fuoco","","Ernesto Codegoni","Italia","84","marito","SI","NA","pensionato","","SI","La donna era malada d'Alzheimer","","","0","NO","","","","La donna era sulla carrozzella. Il marito ha sparato e poi si eè ucciso con la stessa arma","31/12/2022"
"97","2022","15/11/2022","Veneto","Belluno","Borgo Valbelluna","Antonia","Sacchet","(F)","Italia","90","Coltellate","","Aurelio Monestier","Italia","56","figlio","SI","NO","operaio","","NA","La donna era malata d'Alzheimer","","","0","NO","","","","Uccisa dal figlio di 56 anni con una coltellata. Il figlio poi si è ucciso . Allarme dato dalle altre due figlie. La donna soffriva di alzaheimer","31/12/2022"
"98","2022","16/11/2022","Campania","Salerno","San Mango Piemonte","Paola","Larocca","(F)","Italia","55","Coltellate","","Rodolfo Anastasio","Italia","55","marito","SI","NO","titolare ristorante","","NA","Lui non accettava la separazione","","","0","NO","","","","Paola Larocca è stata accoltellata dal marito, da cui si stava separando e che non viveva più nella stessa casa. Uno dei figli (29 anni) era presente, ha cercato di fermare il padre e ha portato la madre in ospedale. L'uomo si è impiccato ad un cavalcavia.","31/12/2022"
"99","2022","17/11/2022","Lazio","Roma","Roma","Marta","Castaño Torres","(F)","Colombia","65","Coltellate","SI","Giandavide De Pau","Italia","51","cliente","NO","NA","autista","SI","NA","","","","0","NO","","","","Giandavide De Pau ha ucciso prima due donne cinesi in un appartamento, poi una terza di origine colombiana in un altro. Arrestato dopo due giorni con gli abiti ancora sporchi di sangue. Tutte e tre erano lavoratrici del sesso. Delle due donne cinesi non è ancora stato possibile conoscere l'indentità. L'uomo potrebbe aver agito sotto effetto di sostanze stupefacenti.","31/12/2022"
"100","2022","17/11/2022","Lazio","Roma","Roma","Yang","Yun Xia","(F)","Cina","45","Coltellate","SI","Giandavide De Pau","Italia","51","cliente","NO","NA","autista","SI","NA","","","","0","NO","","","","Giandavide De Pau ha ucciso prima due donne cinesi in un appartamento, poi una terza di origine colombiana in un altro. Arrestato dopo due giorni con gli abiti ancora sporchi di sangue. Tutte e tre erano lavoratrici del sesso. Delle due donne cinesi non è ancora stato possibile conoscere l'indentità. L'uomo potrebbe aver agito sotto effetto di sostanze stupefacenti.","31/12/2022"
"101","2022","17/11/2022","Lazio","Roma","Roma","Li","Yan Rong","(F)","Cina","55","Coltellate","SI","Giandavide De Pau","Italia","51","cliente","NO","NA","autista","SI","NA","","","","0","NO","","","","Giandavide De Pau ha ucciso prima due donne cinesi in un appartamento, poi una terza di origine colombiana in un altro. Arrestato dopo due giorni con gli abiti ancora sporchi di sangue. Tutte e tre erano lavoratrici del sesso. Delle due donne cinesi non è ancora stato possibile conoscere l'indentità. L'uomo potrebbe aver agito sotto effetto di sostanze stupefacenti.","31/12/2022"
"102","2022","18/11/2022","Emilia Romagna","Modena","Concordia Della Secchia","Alice","Neri","(F)","Italia","32","Carbonizzata","","Sconosciuto","Sconosciuto","","Sconosciuto","NO","NA","","","NA","","","","0","NO","","","","Indagini in corso","31/12/2022"
"103","2022","20/11/2022","Veneto","Venezia","Spinea","Vera","Myrtaj","(F)","Albania","37","Coltellate","","Viron Karabollaj","Albania","40","ex marito","SI","NO","","","NA","si erano separati da qualche anno","","","1","NO","","1","Nuovo compagno","L'allarme è stato dato dalla figlia di 15 anni che non riusciva a contattare la madre. La polizia è andata a casa ed ha trovato la donna e il nuovo compagno uccisi. Il giorno dopo è stato trovato morto l'ex marito in un capannone. Si era ucciso. La donna è stata trovata dopo l'allarme dato dalla figlia che non riusciva a contattare la madre. La donna è stat uccisa con il suo nuovo compagno. L'assassino è stato ritovsto il giorno dopo morto","31/12/2022"
"104","2022","21/11/2022","Puglia","Bari","Monopoli","Sofia","","(S)","Italia","13","Suicidio","","","","","","NA","NA","","","NA","","","","0","NO","","","","Suicidata forse per bullismo","31/12/2022"
"105","2022","22/11/2022","Campania","Caserta","Vairano","Florinda","Cappelli","(F)","Italia","67","Arma da fuoco","","Antonio di Muccio","Italia","44","figlio","SI","NO","","","NO","la donna era malata terminale","","","0","NO","","","","","31/12/2022"
"106","2022","22/11/2022","Puglia","Brindisi","Ceglie Massapica","Maria Prudenza","Bellanova","(F)","Italia","82","Attesa autopsia","","Sconosciuto","Sconosciuto","","Sconosciuto","NA","NA","","","NA","","","","0","NO","","","","","31/12/2022"
"107","2022","24/11/2022","Piemonte","Alessandria","Gabiano","Marina","Mouritch","(F)","Italia","53","Coltellate","","Antonio Cometti","Italia","25","figlio","NO","NA","disoccupato","","NA","","","","0","NO","","","","Marina Mouritch è stata uccisa con coltellate alla gola dal figlio al termine di una violenta lite. Lui ha provato a nascondere il cadavere in un sacco, poi è andato a costituirsi con ancora i vestiti sporchi di sangue.","31/12/2022"
"108","2022","27/11/2022","Marche","Macerata","San Severino Marche","Maria","Bianchi","(F)","Italia","84","Forbiciate","","Michele Quadraroli","Italia","56","figlio","NO","NA","","","NA","","","","0","NO","Arrestato","","","","31/12/2022"
"109","2022","01/12/2022","Umbria","Perugia","Pistrino","Mariel","Soethe","(F)","Germania","70","Attesa autopsia","","Sconosciuto","Sconosciuto","","Sconosciuto","NO","NA","","","NA","","","","0","NO","","","","","31/12/2022"
"110","2022","01/12/2022","Sicilia","Catania","Paterno","Sconosciuto","","(F)","Romania","40","Arma da fuoco","","Sconosciuto","Sconosciuto","","Sconosciuto","NO","NA","","","NO","","","","0","NO","","","","","31/12/2022"
"111","2022","01/12/2022","Lombardia","Milano","Milano","Waafa","Chrakoua","(F)","Marocco","51","Coltellate","","Bouchaib Sidki","Marocco","59","marito","NO","NA","","","NA","","","","4","NO","","","","","31/12/2022"
"112","2022","06/12/2022","Veneto","Padova","San Stino di Livenza","Cinzia","Luison","(F)","Italia","60","Bottigliate","","Walter Pitteri","Italia","65","partner","NO","NA","ex dipendente azienda transporti","","NA","","","","0","NO","","","","","31/12/2022"
"113","2022","13/12/2022","Sicilia","Agrigento","Racalmuto","Rosa","Sardo","(F)","Italia","61","Colpi di mannaia","","Salvatore SeditaItalia","Italia","34","figlio","NO","NA","operaio forestale ultimo giorno di lavoro","","NA","uso droga","","","","","","1","ucciso anche il padre","Rosa è stata uccisa insieme al marito dal figlio a colpi di mannaia. I corpi trovati da un altra figlia . L'assassino ha confessato","31/12/2022"
"114","2022","16/12/2012","Sicilia","Palermo","Villabate","Giovanna","Bonsignore","(F)","Italia","44","Bisturi","","Salvatore Patinella","Italia","41","ex partner","si","No","operatore socio sanitario all ospedale","","NA","lui non accettava che lei lo aesse lasciato dopo sette anni","","","1","NO","","","","Lui è andato a casa di lei che gli aperto e poi l'ha uuccisa a colpi di bisturi. lo aveva scritto anche su facebook, I vicini che hanno sentito le urla hanno allertato le forze dell'ordine e anche un amico dell'assassino che aveva letto il post su f. aveva chiamato la polizia","31/12/2022"
"115","2022","16/12/2022","Puglia","Foggia","Apricena","Giovanna","Frino","(F)","Italia","44","Arma da fuoco","","Angelo Di Lella","Italia","56","marito","NO","NO","ex guardia giurata ora impiegato","","SI","Coppia in crisi e lei voleva trasferirsi","","","3","SI","","","","Giovanna viene uccisa dal marito in casa a colpi di pistola mentre una figlia era presente in cmera con influenza .Lui si è barricato in casa e si è arreso con l'arrivo dei carabinieri","31/12/2022"
"116","2022","19/12/2022","Abruzzo","Chieti","Miglianico","Eliana","Maiori Caratella","(F)","Italia","39","Arma da Fuoco","","Giovanni Carbone","Italia","39","partner","SI","NO","","Sembra di si","Si","Lei si stava separando dal marito che creava molte difficoltà","SI","","2","","Lui arrestato, si uccide in cella due giorni dopo","","","Eliana è stata uccisa dal partner a colpi di pistola e il suo corpo ritrovato in taverna Lui si è costituito ai carabinieri","31/12/2022"
"117","2022","24/12/2022","Sicilia","Trapani","Marinella di Selinunte","Maria","Amatuzzo","(F)","Italia","29","Coltellate","","Ernesto Favara","Italia","63","marito","NO","NO","ex pescatore","","NA","Lei non stava più in casa e lui e da tempo le figlie nate dal loro matrimonio erano in una comunità","","","6","NO","Arrestato","","","Maria è stata uccisa dal marito con almeno 12 coltellate. Ha dato l'allarme una vicina e il fratello dell'assassino.E' stato arrestato dai carabinieri .","31/12/2022"